Type,Filename,MCZ number,Genus,species,Skin patch or microfossil,Sample location (letter),subsample location,Notes/Questions,Ichthyolith Type,Shape,Spades,Anterior shape (old Base),Anterior Marginal Macro Texture,Anterior Marginal Micro Texture,Posterior shape (old Tip),Posterior Marginal Macro Texture,Posterior Marginal Micro Texture Description,Planes of Symmetry,# of cusps,Cusps definition,Cusp Similarity,Cusp Relative Length,Ridge System,Number of ridge segments,Number of independent ridges,Ridge Outgrowths,Ridge Orientation,Central Ridge(s) or trough Disparity,Central Ridge Directionality,Central Ridge Width,Non-Central Ridge Directionality,Non-Central Ridge Width,Central Ridge System Shape,Central Ridge System Shape planes of symmetry,Ridge length,Ridge Definition,Ridge/Ridge Height,Ridge/Trough Angularity,# of depression,Depression(s) type,Location of depression,Shape of dimple(s),Secondary Ridge Features,Overall base shape,Base width/length,Crown to base ratio,Number of Grooves,Root foramen opening shape,Root foramen location,Peduncle height:width,Crown:root angle,Base to crown connection location,Mound,Notes,Numerical Only Code (autofills),Ichthyolith Type,Shape,Spades,Anterior shape (old Base),Anterior Marginal Macro Texture,Anterior Marginal Micro Texture,Posterior shape (old Tip),Posterior Marginal Macro Texture,Posterior Marginal Micro Texture Description,Planes of Symmetry,# of cusps,Cusps definition,Cusp Similarity,Cusp Relative Length,Ridge System,Number of ridge segments,Number of independent ridges,Ridge Outgrowths,Ridge Orientation,Central Ridge(s) or trough Disparity,Central Ridge Directionality,Central Ridge Width,Non-Central Ridge Directionality,Non-Central Ridge Width,Central Ridge System Shape,Central Ridge System Shape planes of symmetry,Ridge length,Ridge Definition,Ridge/Ridge Height,Ridge/Trough Angularity,# of depression,Depression(s) type,Location of depression,Shape of dimple(s),Secondary Ridge Features,Overall base shape,Mound,Base width/length,Crown to base ratio,Number of Grooves,Root foramen opening shape,Root foramen location,Peduncle height:width,Crown:root angle,Base to crown connection location
Type,Filename,MCZ number,Genus,species,Skin patch or microfossil,Sample location (letter),subsample location,Notes/Questions,Z1,A1,A2,B1,B2,B3,C1,C2,C3,D1,E1,E2,E3,E4,F1,G1,G2,G3,H1,I1,I2,I3,J1,J2,K1,K2,L1,L2,L3,L4,M1,M2,M3,M4,N1,O1,O2,O3,O4,O5,O6,O7,O8,O9,O10,Notes,,Z1,A1,A2,B1,B2,B3,C1,C2,C3,D1,E1,E2,E3,E4,F1,G1,G2,G3,H1,I1,I2,I3,J1,J2,K1,K2,L1,L2,L3,L4,M1,M2,M3,M4,N1,O1,O2,O3,O4,O5,O6,O7,O8,O9,O10
,MCZ32340_Mustelus_manzo_microfossil_A.tif,MCZ32340,Mustelus,manzo,mircofossil,A,,,Z1.2.Denticle,A1.3 Circular or oval,A2.2 Squared Spade,B1.2 Rounded,B2.1 Smooth,B3.1 Smooth,C1.2 Rounded,C2.2 Scalloped margin texture,C3.1 Smooth,D1.1 None,E1.1 None,E2.1 Ridges not associated with cusps,E3.1 Cusps are same length/width/shape,E4.1 x < ¼ ,"F1.2 Linear (can tell directionality-anterior/posterior, ridges only curve in a max. 1 way-not wavy)",G1.3 two,G2.1 None,G3.2 one ridge outgrowth,H1.3 Diverges from anterior,I1.1 No central ridge,I2.0 None or too broken to code,I3.0 None or too broken to code,J1.1 Straight,J2.5 Creates Troughs,K1.1 Ridges present but no central shape observed,K2.0 No central shape or too broken to code,L1.2 Ridge length=lateral length,L2.1 Not Clearly Defined,L3.0 None or too broken to code,L4.2 Ridge profiles or troughs are triangular,M1.1 None,M2.1 Thumbprint (surface layer),M3.0 No depression or too broken to code,M4.0 none or too broken to code,N1.2 No secondary ridge features,O1.0 Base not preserved/too broken to code,O2.0 Base not preserved/too broken to code,O3.0 Base not preserved/too broken to code,O4.0 Base not preserved/too broken to code,O5.0 Base not preserved/too broken to code,O6.0 No root opening or base not preserved/too broken to code,O7.0 Base not preserved/too broken to code,O8.0 Base not preserved/too broken to code,O9.0 Base not preserved/too broken to code,O10.0 Base not preserved/too broken to code,No show of a upside down denticle,,2,3,2,2,1,1,2,2,1,1,1,1,1,1,2,3,1,2,3,1,0,0,1,5,1,0,2,1,0,2,1,1,0,0,2,0,0,0,0,0,0,0,0,0,0
,MCZ32340_Mustelus_manzo_microfossil_B.tif,MCZ32340,Mustelus,manzo,mircofossil,B,,check ,Z1.2.Denticle,A1.5 Diamond/Rectangle/(Can be asymmetrical/kite-like),A2.1 Rounded Spade,B1.2 Rounded,B2.3 Pointed margin texture,B3.1 Smooth,C1.1 Straight,C2.1 Smooth,C3.1 Smooth,D1.1 None,E1.1 None,E2.1 Ridges not associated with cusps,E3.1 Cusps are same length/width/shape,E4.1 x < ¼ ,"F1.2 Linear (can tell directionality-anterior/posterior, ridges only curve in a max. 1 way-not wavy)",G1.4 three,G2.5 four,G3.1 no ridge outgrowths,H1.2 Converges from anterior,I1.4 Distinct shape/size from other ridges,I2.2 Curved,I3.5 Creates a Central Trough,J1.1 Straight,J2.5 Creates Troughs,K1.1 Ridges present but no central shape observed,K2.0 No central shape or too broken to code,L1.2 Ridge length=lateral length,L2.2 Clearly defined on part of the crown but gets shallower and does not extend to full length of denticle,L3.2 equal ridge heights,L4.3 Ridge profiles or troughs are funnel shapes (rounded with a skinnier point),M1.0 Too broken to code,M2.0 No depression or too broken to code,M3.0 No depression or too broken to code,M4.0 none or too broken to code,N1.2 No secondary ridge features,O1.0 Base not preserved/too broken to code,O2.0 Base not preserved/too broken to code,O3.0 Base not preserved/too broken to code,O4.0 Base not preserved/too broken to code,O5.0 Base not preserved/too broken to code,O6.0 No root opening or base not preserved/too broken to code,O7.0 Base not preserved/too broken to code,O8.0 Base not preserved/too broken to code,O9.0 Base not preserved/too broken to code,O10.0 Base not preserved/too broken to code,No show of a upside down denticle,,2,5,1,2,3,1,1,1,1,1,1,1,1,1,2,4,5,1,2,4,2,5,1,5,1,0,2,2,2,3,0,0,0,0,2,0,0,0,0,0,0,0,0,0,0
,MCZ32340_Mustelus_manzo_microfossil_C.tif,MCZ32340,Mustelus,manzo,mircofossil,C,,check ,Z1.2.Denticle,A1.9 Triangular or Arrow-like,A2.0 Not a Spade/too broken to code,B1.1 Straight (edge),B2.1 Smooth,B3.1 Smooth,C1.3 Pointed,C2.1 Smooth,C3.1 Smooth,D1.2 one,E1.1 None,E2.0 No cusps or too broken to code,E3.0 No cusps/one cusp or too broken to code,E4.0 No cusps or too broken to code,"F1.2 Linear (can tell directionality-anterior/posterior, ridges only curve in a max. 1 way-not wavy)",G1.5 four,G2.5 four,G3.1 no ridge outgrowths,H1.1 Parallel,I1.4 Distinct shape/size from other ridges,I2.1 Straight,I3.1 Parallel,J1.1 Straight,J2.1 Parallel,K1.1 Ridges present but no central shape observed,K2.0 No central shape or too broken to code,"L1.5 Includes ridges described by a combination of 1,2, 3,",L2.2 Clearly defined on part of the crown but gets shallower and does not extend to full length of denticle,L3.3 Variable ridge height,L4.1 Ridge profiles or trough are rounded,M1.1 None,M2.0 No depression or too broken to code,M3.0 No depression or too broken to code,M4.0 none or too broken to code,N1.2 No secondary ridge features,O1.1 Kite shaped,O2.2 Wider than long,O3.2 Crown has a larger area,O4.0 Base not preserved/too broken to code,O5.0 Base not preserved/too broken to code,O6.0 No root opening or base not preserved/too broken to code,O7.0 Base not preserved/too broken to code,O8.3 Parallel,O9.1 at anterior of crown,O10.1 Not mounded,No show of a upside down denticle,,2,9,0,1,1,1,3,1,1,2,1,0,0,0,2,5,5,1,1,4,1,1,1,1,1,0,5,2,3,1,1,0,0,0,2,1,2,2,0,0,0,0,3,1,1
,MCZ39631_Oxynotus_centrina _mircofossil_A.tif,MCZ29631,Oxynotus,Centina,mircofossil,A,,,,,,,,,,,,,,,,,,,,,,,,,,,,,,,,,,,,,,,,,,,,,,,,,,,,,,,,,,,,,,,,,,,,,,,,,,,,,,,,,,,,,,,,,,,,,,
,,,,,,,,,,,,,,,,,,,,,,,,,,,,,,,,,,,,,,,,,,,,,,,,,,,,,,,,,,,,,,,,,,,,,,,,,,,,,,,,,,,,,,,,,,,,,,,,,,,,
,,,,,,,,,,,,,,,,,,,,,,,,,,,,,,,,,,,,,,,,,,,,,,,,,,,,,,,,,,,,,,,,,,,,,,,,,,,,,,,,,,,,,,,,,,,,,,,,,,,,
,,,,,,,,,,,,,,,,,,,,,,,,,,,,,,,,,,,,,,,,,,,,,,,,,,,,,,,,,,,,,,,,,,,,,,,,,,,,,,,,,,,,,,,,,,,,,,,,,,,,
,,,,,,,,,,,,,,,,,,,,,,,,,,,,,,,,,,,,,,,,,,,,,,,,,,,,,,,,,,,,,,,,,,,,,,,,,,,,,,,,,,,,,,,,,,,,,,,,,,,,
,,,,,,,,,,,,,,,,,,,,,,,,,,,,,,,,,,,,,,,,,,,,,,,,,,,,,,,,,,,,,,,,,,,,,,,,,,,,,,,,,,,,,,,,,,,,,,,,,,,,
,,,,,,,,,,,,,,,,,,,,,,,,,,,,,,,,,,,,,,,,,,,,,,,,,,,,,,,,,,,,,,,,,,,,,,,,,,,,,,,,,,,,,,,,,,,,,,,,,,,,
,,,,,,,,,,,,,,,,,,,,,,,,,,,,,,,,,,,,,,,,,,,,,,,,,,,,,,,,,,,,,,,,,,,,,,,,,,,,,,,,,,,,,,,,,,,,,,,,,,,,
,,,,,,,,,,,,,,,,,,,,,,,,,,,,,,,,,,,,,,,,,,,,,,,,,,,,,,,,,,,,,,,,,,,,,,,,,,,,,,,,,,,,,,,,,,,,,,,,,,,,
,,,,,,,,,,,,,,,,,,,,,,,,,,,,,,,,,,,,,,,,,,,,,,,,,,,,,,,,,,,,,,,,,,,,,,,,,,,,,,,,,,,,,,,,,,,,,,,,,,,,
,,,,,,,,,,,,,,,,,,,,,,,,,,,,,,,,,,,,,,,,,,,,,,,,,,,,,,,,,,,,,,,,,,,,,,,,,,,,,,,,,,,,,,,,,,,,,,,,,,,,
,MCZ61998_Aculcola_Nigra_skinpatch_A.tif,MCZ61998,Aculcola,Nigra,skinpatch,A,,,Z1.2.Denticle,A1.1 Spine,A2.0 Not a Spade/too broken to code,B1.3 Pointed (vertex),B2.4 anterior is a vertex,B3.1 Smooth,C1.3 Pointed,C2.3 Pointed margin texture,C3.1 Smooth,D1.2 one,E1.1 None,E2.0 No cusps or too broken to code,E3.0 No cusps/one cusp or too broken to code,E4.0 No cusps or too broken to code,F1.5 Spine,G1.1 None,G2.1 None,G3.1 no ridge outgrowths,H1.0 Only one Ridge/No Ridges or too broken to code,I1.0 No ridges or too broken to code,I2.0 None or too broken to code,I3.0 None or too broken to code,J1.1 Straight,,,,,,,,,,,,,,,,,,,,,,,,,2,1,0,3,4,1,3,3,1,2,1,0,0,0,5,1,1,1,0,0,0,0,1,,,,,,,,,,,,,,,,,,,,,,
,MCZ61998_Aculcola_Nigra_skinpatch_B.tif,MCZ61998,Aculcola,Nigra,skinpatch,B,,,,,,,,,,,,,,,,,,,,,,,,,,,,,,,,,,,,,,,,,,,,,,,,,,,,,,,,,,,,,,,,,,,,,,,,,,,,,,,,,,,,,,,,,,,,,,
,MCZ61998_Aculcola_Nigra_skinpatch_C.tif,MCZ61998,Aculcola,Nigra,skinpatch,C,,,,,,,,,,,,,,,,,,,,,,,,,,,,,,,,,,,,,,,,,,,,,,,,,,,,,,,,,,,,,,,,,,,,,,,,,,,,,,,,,,,,,,,,,,,,,,
,MCZ61998_Aculcola_Nigra_skinpatch_D.tif,MCZ61998,Aculcola,Nigra,skinpatch,D,,,,,,,,,,,,,,,,,,,,,,,,,,,,,,,,,,,,,,,,,,,,,,,,,,,,,,,,,,,,,,,,,,,,,,,,,,,,,,,,,,,,,,,,,,,,,,
,MCZ61998_Aculcola_Nigra_skinpatch_F.tif,MCZ61998,Aculcola,Nigra,skinpatch,F,,,,,,,,,,,,,,,,,,,,,,,,,,,,,,,,,,,,,,,,,,,,,,,,,,,,,,,,,,,,,,,,,,,,,,,,,,,,,,,,,,,,,,,,,,,,,,
,MCZ61998_Aculcola_Nigra_skinpatch_G.tif,MCZ61998,Aculcola,Nigra,skinpatch,G,,,,,,,,,,,,,,,,,,,,,,,,,,,,,,,,,,,,,,,,,,,,,,,,,,,,,,,,,,,,,,,,,,,,,,,,,,,,,,,,,,,,,,,,,,,,,,
,MCZ61998_Aculcola_Nigra_skinpatch_H.tif,MCZ61998,Aculcola,Nigra,skinpatch,H,,,,,,,,,,,,,,,,,,,,,,,,,,,,,,,,,,,,,,,,,,,,,,,,,,,,,,,,,,,,,,,,,,,,,,,,,,,,,,,,,,,,,,,,,,,,,,
,MCZ61998_Aculcola_Nigra_skinpatch_I.tif,MCZ61998,Aculcola,Nigra,skinpatch,I,,,,,,,,,,,,,,,,,,,,,,,,,,,,,,,,,,,,,,,,,,,,,,,,,,,,,,,,,,,,,,,,,,,,,,,,,,,,,,,,,,,,,,,,,,,,,,
,MCZ61998_Aculcola_Nigra_skinpatch_J.tif,MCZ61998,Aculcola,Nigra,skinpatch,J,,,,,,,,,,,,,,,,,,,,,,,,,,,,,,,,,,,,,,,,,,,,,,,,,,,,,,,,,,,,,,,,,,,,,,,,,,,,,,,,,,,,,,,,,,,,,,
,MCZ61998_Aculcola_Nigra_skinpatch_K.tif,MCZ61998,Aculcola,Nigra,skinpatch,K,,,,,,,,,,,,,,,,,,,,,,,,,,,,,,,,,,,,,,,,,,,,,,,,,,,,,,,,,,,,,,,,,,,,,,,,,,,,,,,,,,,,,,,,,,,,,,
,MCZ61998_Aculcola_Nigra_skinpatch_L.tif,MCZ61998,Aculcola,Nigra,skinpatch,L,,,,,,,,,,,,,,,,,,,,,,,,,,,,,,,,,,,,,,,,,,,,,,,,,,,,,,,,,,,,,,,,,,,,,,,,,,,,,,,,,,,,,,,,,,,,,,
,MCZ61998_Aculcola_Nigra_skinpatch_M.tif,MCZ61998,Aculcola,Nigra,skinpatch,M,,,,,,,,,,,,,,,,,,,,,,,,,,,,,,,,,,,,,,,,,,,,,,,,,,,,,,,,,,,,,,,,,,,,,,,,,,,,,,,,,,,,,,,,,,,,,,
,MCZ61998_Aculcola_Nigra_skinpatch_N.tif,MCZ61998,Aculcola,Nigra,skinpatch,N,,,,,,,,,,,,,,,,,,,,,,,,,,,,,,,,,,,,,,,,,,,,,,,,,,,,,,,,,,,,,,,,,,,,,,,,,,,,,,,,,,,,,,,,,,,,,,
,MCZ61998_Aculcola_Nigra_skinpatch_O.tif,MCZ61998,Aculcola,Nigra,skinpatch,O,,,,,,,,,,,,,,,,,,,,,,,,,,,,,,,,,,,,,,,,,,,,,,,,,,,,,,,,,,,,,,,,,,,,,,,,,,,,,,,,,,,,,,,,,,,,,,
,MCZ61998_Aculcola_Nigra_skinpatch_P.tif,MCZ61998,Aculcola,Nigra,skinpatch,P,,,,,,,,,,,,,,,,,,,,,,,,,,,,,,,,,,,,,,,,,,,,,,,,,,,,,,,,,,,,,,,,,,,,,,,,,,,,,,,,,,,,,,,,,,,,,,
,MCZ61998_Aculcola_Nigra_skinpatch_Q.tif,MCZ61998,Aculcola,Nigra,skinpatch,Q,,,,,,,,,,,,,,,,,,,,,,,,,,,,,,,,,,,,,,,,,,,,,,,,,,,,,,,,,,,,,,,,,,,,,,,,,,,,,,,,,,,,,,,,,,,,,,
,MCZ61998_Aculcola_Nigra_skinpatch_R.tif,MCZ61998,Aculcola,Nigra,skinpatch,R,,,,,,,,,,,,,,,,,,,,,,,,,,,,,,,,,,,,,,,,,,,,,,,,,,,,,,,,,,,,,,,,,,,,,,,,,,,,,,,,,,,,,,,,,,,,,,
,MCZ61998_Aculcola_Nigra_skinpatch_S.tif,MCZ61998,Aculcola,Nigra,skinpatch,S,,,,,,,,,,,,,,,,,,,,,,,,,,,,,,,,,,,,,,,,,,,,,,,,,,,,,,,,,,,,,,,,,,,,,,,,,,,,,,,,,,,,,,,,,,,,,,
,MCZ61998_Aculcola_Nigra_skinpatch_T.tif,MCZ61998,Aculcola,Nigra,skinpatch,T,,,,,,,,,,,,,,,,,,,,,,,,,,,,,,,,,,,,,,,,,,,,,,,,,,,,,,,,,,,,,,,,,,,,,,,,,,,,,,,,,,,,,,,,,,,,,,
,MCZ61998_Aculcola_Nigra_skinpatch_U.tif,MCZ61998,Aculcola,Nigra,skinpatch,U,,,,,,,,,,,,,,,,,,,,,,,,,,,,,,,,,,,,,,,,,,,,,,,,,,,,,,,,,,,,,,,,,,,,,,,,,,,,,,,,,,,,,,,,,,,,,,
,MCZ61998_Aculcola_Nigra_skinpatch_V.tif,MCZ61998,Aculcola,Nigra,skinpatch,V,,,,,,,,,,,,,,,,,,,,,,,,,,,,,,,,,,,,,,,,,,,,,,,,,,,,,,,,,,,,,,,,,,,,,,,,,,,,,,,,,,,,,,,,,,,,,,
,MCZ61998_Aculcola_Nigra_skinpatch_Y.tif,MCZ61998,Aculcola,Nigra,skinpatch,Y,,,,,,,,,,,,,,,,,,,,,,,,,,,,,,,,,,,,,,,,,,,,,,,,,,,,,,,,,,,,,,,,,,,,,,,,,,,,,,,,,,,,,,,,,,,,,,
,MCZ61998_Aculcola_Nigra_skinpatch_Z.tif,MCZ61998,Aculcola,Nigra,skinpatch,Z,,,,,,,,,,,,,,,,,,,,,,,,,,,,,,,,,,,,,,,,,,,,,,,,,,,,,,,,,,,,,,,,,,,,,,,,,,,,,,,,,,,,,,,,,,,,,,
,MCZ153780_Etmopterus_Princeps_mircofossil_A.tif,MCZ153780,Etmopterus,Princeps,mircofossil,A,,,,,,,,,,,,,,,,,,,,,,,,,,,,,,,,,,,,,,,,,,,,,,,,,,,,,,,,,,,,,,,,,,,,,,,,,,,,,,,,,,,,,,,,,,,,,,
,,,,,,,,,,,,,,,,,,,,,,,,,,,,,,,,,,,,,,,,,,,,,,,,,,,,,,,,,,,,,,,,,,,,,,,,,,,,,,,,,,,,,,,,,,,,,,,,,,,,
,,,,,,,,,,,,,,,,,,,,,,,,,,,,,,,,,,,,,,,,,,,,,,,,,,,,,,,,,,,,,,,,,,,,,,,,,,,,,,,,,,,,,,,,,,,,,,,,,,,,
,,,,,,,,,,,,,,,,,,,,,,,,,,,,,,,,,,,,,,,,,,,,,,,,,,,,,,,,,,,,,,,,,,,,,,,,,,,,,,,,,,,,,,,,,,,,,,,,,,,,
,,,,,,,,,,,,,,,,,,,,,,,,,,,,,,,,,,,,,,,,,,,,,,,,,,,,,,,,,,,,,,,,,,,,,,,,,,,,,,,,,,,,,,,,,,,,,,,,,,,,
,MCZ153780_Etmopterus_Princeps_skinpatch_A.tif,MCZ153780,Etmopterus,Princeps,skin patch,A,,,,,,,,,,,,,,,,,,,,,,,,,,,,,,,,,,,,,,,,,,,,,,,,,,,,,,,,,,,,,,,,,,,,,,,,,,,,,,,,,,,,,,,,,,,,,,
,,,,,,,,,,,,,,,,,,,,,,,,,,,,,,,,,,,,,,,,,,,,,,,,,,,,,,,,,,,,,,,,,,,,,,,,,,,,,,,,,,,,,,,,,,,,,,,,,,,,
,,,,,,,,,,,,,,,,,,,,,,,,,,,,,,,,,,,,,,,,,,,,,,,,,,,,,,,,,,,,,,,,,,,,,,,,,,,,,,,,,,,,,,,,,,,,,,,,,,,,
,,,,,,,,,,,,,,,,,,,,,,,,,,,,,,,,,,,,,,,,,,,,,,,,,,,,,,,,,,,,,,,,,,,,,,,,,,,,,,,,,,,,,,,,,,,,,,,,,,,,
,,,,,,,,,,,,,,,,,,,,,,,,,,,,,,,,,,,,,,,,,,,,,,,,,,,,,,,,,,,,,,,,,,,,,,,,,,,,,,,,,,,,,,,,,,,,,,,,,,,,
,,,,,,,,,,,,,,,,,,,,,,,,,,,,,,,,,,,,,,,,,,,,,,,,,,,,,,,,,,,,,,,,,,,,,,,,,,,,,,,,,,,,,,,,,,,,,,,,,,,,
,,,,,,,,,,,,,,,,,,,,,,,,,,,,,,,,,,,,,,,,,,,,,,,,,,,,,,,,,,,,,,,,,,,,,,,,,,,,,,,,,,,,,,,,,,,,,,,,,,,,
,MCZ160506_Centrophorus_Granulosus_skinpatch_A.tif,MCZ160506,Centrophorus,Granulosus,skin patch,A,,,Z1.2.Denticle,A1.3 Circular or oval,A2.0 Not a Spade/too broken to code,B1.2 Rounded,B2.1 Smooth,B3.1 Smooth,C1.2 Rounded,C2.1 Smooth,,,,,,,,,,,,,,,,,,,,,,,,,,,,,,,,,,,,,,,,2,3,0,2,1,1,2,1,,,,,,,,,,,,,,,,,,,,,,,,,,,,,,,,,,,,,
,,,,,,,,,,,,,,,,,,,,,,,,,,,,,,,,,,,,,,,,,,,,,,,,,,,,,,,,,,,,,,,,,,,,,,,,,,,,,,,,,,,,,,,,,,,,,,,,,,,,
,,,,,,,,,,,,,,,,,,,,,,,,,,,,,,,,,,,,,,,,,,,,,,,,,,,,,,,,,,,,,,,,,,,,,,,,,,,,,,,,,,,,,,,,,,,,,,,,,,,,
,,,,,,,,,,,,,,,,,,,,,,,,,,,,,,,,,,,,,,,,,,,,,,,,,,,,,,,,,,,,,,,,,,,,,,,,,,,,,,,,,,,,,,,,,,,,,,,,,,,,
,,,,,,,,,,,,,,,,,,,,,,,,,,,,,,,,,,,,,,,,,,,,,,,,,,,,,,,,,,,,,,,,,,,,,,,,,,,,,,,,,,,,,,,,,,,,,,,,,,,,
,MCZ160506_Centrophorus_Granulosus_mircofossil_A.tif,MCZ160506,Centrophorus,Granulosus,mircofossil,A,,,,,,,,,,,,,,,,,,,,,,,,,,,,,,,,,,,,,,,,,,,,,,,,,,,,,,,,,,,,,,,,,,,,,,,,,,,,,,,,,,,,,,,,,,,,,,
,,,,,,,,,,,,,,,,,,,,,,,,,,,,,,,,,,,,,,,,,,,,,,,,,,,,,,,,,,,,,,,,,,,,,,,,,,,,,,,,,,,,,,,,,,,,,,,,,,,,
,,,,,,,,,,,,,,,,,,,,,,,,,,,,,,,,,,,,,,,,,,,,,,,,,,,,,,,,,,,,,,,,,,,,,,,,,,,,,,,,,,,,,,,,,,,,,,,,,,,,
,,,,,,,,,,,,,,,,,,,,,,,,,,,,,,,,,,,,,,,,,,,,,,,,,,,,,,,,,,,,,,,,,,,,,,,,,,,,,,,,,,,,,,,,,,,,,,,,,,,,
,,,,,,,,,,,,,,,,,,,,,,,,,,,,,,,,,,,,,,,,,,,,,,,,,,,,,,,,,,,,,,,,,,,,,,,,,,,,,,,,,,,,,,,,,,,,,,,,,,,,
,,,,,,,,,,,,,,,,,,,,,,,,,,,,,,,,,,,,,,,,,,,,,,,,,,,,,,,,,,,,,,,,,,,,,,,,,,,,,,,,,,,,,,,,,,,,,,,,,,,,
,,,,,,,,,,,,,,,,,,,,,,,,,,,,,,,,,,,,,,,,,,,,,,,,,,,,,,,,,,,,,,,,,,,,,,,,,,,,,,,,,,,,,,,,,,,,,,,,,,,,
,MCZ39621_Centroscymnus_Coelolepis_skinaptch_A.tif,MCZ39621,Centroscymnus,Coelolepis,skin patch,A,,,,,,,,,,,,,,,,,,,,,,,,,,,,,,,,,,,,,,,,,,,,,,,,,,,,,,,,,,,,,,,,,,,,,,,,,,,,,,,,,,,,,,,,,,,,,,
,,,,,,,,,,,,,,,,,,,,,,,,,,,,,,,,,,,,,,,,,,,,,,,,,,,,,,,,,,,,,,,,,,,,,,,,,,,,,,,,,,,,,,,,,,,,,,,,,,,,
,,,,,,,,,,,,,,,,,,,,,,,,,,,,,,,,,,,,,,,,,,,,,,,,,,,,,,,,,,,,,,,,,,,,,,,,,,,,,,,,,,,,,,,,,,,,,,,,,,,,
,,,,,,,,,,,,,,,,,,,,,,,,,,,,,,,,,,,,,,,,,,,,,,,,,,,,,,,,,,,,,,,,,,,,,,,,,,,,,,,,,,,,,,,,,,,,,,,,,,,,
,,,,,,,,,,,,,,,,,,,,,,,,,,,,,,,,,,,,,,,,,,,,,,,,,,,,,,,,,,,,,,,,,,,,,,,,,,,,,,,,,,,,,,,,,,,,,,,,,,,,
,MCZ39621_Centroscymnus_Coelolepis_mircofossil_A.tif,MCZ39621,Centroscymnus,Coelolepis,mircofossil,A,,,,,,,,,,,,,,,,,,,,,,,,,,,,,,,,,,,,,,,,,,,,,,,,,,,,,,,,,,,,,,,,,,,,,,,,,,,,,,,,,,,,,,,,,,,,,,
,,,,,,,,,,,,,,,,,,,,,,,,,,,,,,,,,,,,,,,,,,,,,,,,,,,,,,,,,,,,,,,,,,,,,,,,,,,,,,,,,,,,,,,,,,,,,,,,,,,,
,,,,,,,,,,,,,,,,,,,,,,,,,,,,,,,,,,,,,,,,,,,,,,,,,,,,,,,,,,,,,,,,,,,,,,,,,,,,,,,,,,,,,,,,,,,,,,,,,,,,
,,,,,,,,,,,,,,,,,,,,,,,,,,,,,,,,,,,,,,,,,,,,,,,,,,,,,,,,,,,,,,,,,,,,,,,,,,,,,,,,,,,,,,,,,,,,,,,,,,,,
,,,,,,,,,,,,,,,,,,,,,,,,,,,,,,,,,,,,,,,,,,,,,,,,,,,,,,,,,,,,,,,,,,,,,,,,,,,,,,,,,,,,,,,,,,,,,,,,,,,,
,MCZ40662_Etmopterus_Schultzi_skinpatch_A.tif,MCZ40662,Etmopterus,Schultzi,skinpatch,A,,,,,,,,,,,,,,,,,,,,,,,,,,,,,,,,,,,,,,,,,,,,,,,,,,,,,,,,,,,,,,,,,,,,,,,,,,,,,,,,,,,,,,,,,,,,,,
,,,,,,,,,,,,,,,,,,,,,,,,,,,,,,,,,,,,,,,,,,,,,,,,,,,,,,,,,,,,,,,,,,,,,,,,,,,,,,,,,,,,,,,,,,,,,,,,,,,,
,,,,,,,,,,,,,,,,,,,,,,,,,,,,,,,,,,,,,,,,,,,,,,,,,,,,,,,,,,,,,,,,,,,,,,,,,,,,,,,,,,,,,,,,,,,,,,,,,,,,
,,,,,,,,,,,,,,,,,,,,,,,,,,,,,,,,,,,,,,,,,,,,,,,,,,,,,,,,,,,,,,,,,,,,,,,,,,,,,,,,,,,,,,,,,,,,,,,,,,,,
,,,,,,,,,,,,,,,,,,,,,,,,,,,,,,,,,,,,,,,,,,,,,,,,,,,,,,,,,,,,,,,,,,,,,,,,,,,,,,,,,,,,,,,,,,,,,,,,,,,,
,MCZ40662_Etmopterus_Schultzi_mircofossil_A.tif,MCZ40662,Etmopterus,Schultzi,mircofossil,A,,,,,,,,,,,,,,,,,,,,,,,,,,,,,,,,,,,,,,,,,,,,,,,,,,,,,,,,,,,,,,,,,,,,,,,,,,,,,,,,,,,,,,,,,,,,,,
,,,,,,,,,,,,,,,,,,,,,,,,,,,,,,,,,,,,,,,,,,,,,,,,,,,,,,,,,,,,,,,,,,,,,,,,,,,,,,,,,,,,,,,,,,,,,,,,,,,,
,,,,,,,,,,,,,,,,,,,,,,,,,,,,,,,,,,,,,,,,,,,,,,,,,,,,,,,,,,,,,,,,,,,,,,,,,,,,,,,,,,,,,,,,,,,,,,,,,,,,
,,,,,,,,,,,,,,,,,,,,,,,,,,,,,,,,,,,,,,,,,,,,,,,,,,,,,,,,,,,,,,,,,,,,,,,,,,,,,,,,,,,,,,,,,,,,,,,,,,,,
,,,,,,,,,,,,,,,,,,,,,,,,,,,,,,,,,,,,,,,,,,,,,,,,,,,,,,,,,,,,,,,,,,,,,,,,,,,,,,,,,,,,,,,,,,,,,,,,,,,,
,MCZ_S_664_Dalatias_Licha_skinpatch_A.tif,MCZS664,Dalatias,Licha,skinpatch,A,,,Z1.2.Denticle,A1.9 Triangular or Arrow-like,A2.0 Not a Spade/too broken to code,B1.2 Rounded,B2.2 Scalloped margin texture,B3.1 Smooth,C1.2 Rounded,C2.1 Smooth,C3.1 Smooth,D1.2 one,E1.1 None,E2.0 No cusps or too broken to code,E3.0 No cusps/one cusp or too broken to code,E4.0 No cusps or too broken to code,"F1.2 Linear (can tell directionality-anterior/posterior, ridges only curve in a max. 1 way-not wavy)",G1.7 six-ten,G2.7 six or more,G3.1 no ridge outgrowths,H1.3 Diverges from anterior,I1.3 Same as other ridges,I2.1 Straight,I3.0 None or too broken to code,J1.1 Straight,J2.1 Parallel,K1.1 Ridges present but no central shape observed,K2.0 No central shape or too broken to code,L1.3 Ridge ends mid crown/ Ridge begins mid crown,L2.2 Clearly defined on part of the crown but gets shallower and does not extend to full length of denticle,L3.2 equal ridge heights,L4.2 Ridge profiles or troughs are triangular,M1.1 None,M2.0 No depression or too broken to code,M3.0 No depression or too broken to code,M4.0 none or too broken to code,N1.2 No secondary ridge features,O1.0 Base not preserved/too broken to code,O2.0 Base not preserved/too broken to code,O3.0 Base not preserved/too broken to code,O4.0 Base not preserved/too broken to code,O5.0 Base not preserved/too broken to code,O6.0 No root opening or base not preserved/too broken to code,O7.0 Base not preserved/too broken to code,O8.0 Base not preserved/too broken to code,O9.0 Base not preserved/too broken to code,O10.0 Base not preserved/too broken to code,No show of base ,,2,9,0,2,2,1,2,1,1,2,1,0,0,0,2,7,7,1,3,3,1,0,1,1,1,0,3,2,2,2,1,0,0,0,2,0,0,0,0,0,0,0,0,0,0
,MCZ_S_664_Dalatias_Licha_skinpatch_B.tif,MCZS664,Dalatias,Licha,skinpatch,B,,,Z1.2.Denticle,A1.9 Triangular or Arrow-like,A2.0 Not a Spade/too broken to code,B1.2 Rounded,B2.1 Smooth,B3.1 Smooth,C1.2 Rounded,C2.1 Smooth,C3.1 Smooth,D1.2 one,E1.2 one,E2.2 Cusps defined by ridges,E3.2 Central cusp is distinct,E4.3 ½ < x,"F1.2 Linear (can tell directionality-anterior/posterior, ridges only curve in a max. 1 way-not wavy)",G1.4 three,G2.4 three,G3.1 no ridge outgrowths,H1.3 Diverges from anterior,I1.3 Same as other ridges,I2.1 Straight,I3.1 Parallel,J1.1 Straight,J2.2 Triangular widening from anterior,K1.1 Ridges present but no central shape observed,K2.0 No central shape or too broken to code,L1.2 Ridge length=lateral length,L2.3 Clearly Defined,L3.2 equal ridge heights,L4.2 Ridge profiles or troughs are triangular,M1.1 None,M2.0 No depression or too broken to code,M3.0 No depression or too broken to code,M4.0 none or too broken to code,N1.1 No Ridges,O1.0 Base not preserved/too broken to code,O2.0 Base not preserved/too broken to code,O3.0 Base not preserved/too broken to code,O4.0 Base not preserved/too broken to code,O5.0 Base not preserved/too broken to code,O6.0 No root opening or base not preserved/too broken to code,O7.0 Base not preserved/too broken to code,O8.0 Base not preserved/too broken to code,O9.0 Base not preserved/too broken to code,O10.0 Base not preserved/too broken to code,No show of base ,,2,9,0,2,1,1,2,1,1,2,2,2,2,3,2,4,4,1,3,3,1,1,1,2,1,0,2,3,2,2,1,0,0,0,1,0,0,0,0,0,0,0,0,0,0
,MCZ_S_664_Dalatias_Licha_skinpatch_C.tif,MCZS664,Dalatias,Licha,skinpatch,C,,,Z1.2.Denticle,A1.9 Triangular or Arrow-like,A2.0 Not a Spade/too broken to code,B1.2 Rounded,B2.1 Smooth,B3.1 Smooth,C1.2 Rounded,C2.1 Smooth,C3.1 Smooth,D1.2 one,E1.2 one,E2.2 Cusps defined by ridges,E3.2 Central cusp is distinct,E4.3 ½ < x,"F1.2 Linear (can tell directionality-anterior/posterior, ridges only curve in a max. 1 way-not wavy)",G1.4 three,G2.4 three,G3.1 no ridge outgrowths,H1.3 Diverges from anterior,I1.3 Same as other ridges,I2.1 Straight,I3.1 Parallel,J1.1 Straight,J2.2 Triangular widening from anterior,K1.1 Ridges present but no central shape observed,K2.0 No central shape or too broken to code,L1.2 Ridge length=lateral length,L2.1 Not Clearly Defined,L3.2 equal ridge heights,L4.2 Ridge profiles or troughs are triangular,M1.1 None,M2.0 No depression or too broken to code,M3.0 No depression or too broken to code,M4.0 none or too broken to code,N1.2 No secondary ridge features,O1.0 Base not preserved/too broken to code,O2.0 Base not preserved/too broken to code,O3.0 Base not preserved/too broken to code,O4.0 Base not preserved/too broken to code,O5.0 Base not preserved/too broken to code,O6.0 No root opening or base not preserved/too broken to code,O7.0 Base not preserved/too broken to code,O8.0 Base not preserved/too broken to code,O9.0 Base not preserved/too broken to code,O10.0 Base not preserved/too broken to code,No show of base ,,2,9,0,2,1,1,2,1,1,2,2,2,2,3,2,4,4,1,3,3,1,1,1,2,1,0,2,1,2,2,1,0,0,0,2,0,0,0,0,0,0,0,0,0,0
,MCZ_S_664_Dalatias_Licha_skinpatch_D.tif,MCZS664,Dalatias,Licha,skinpatch,D,,,Z1.2.Denticle,A1.9 Triangular or Arrow-like,A2.0 Not a Spade/too broken to code,B1.2 Rounded,B2.1 Smooth,B3.1 Smooth,C1.2 Rounded,C2.1 Smooth,C3.1 Smooth,D1.2 one,E1.1 None,E2.0 No cusps or too broken to code,E3.0 No cusps/one cusp or too broken to code,E4.0 No cusps or too broken to code,"F1.2 Linear (can tell directionality-anterior/posterior, ridges only curve in a max. 1 way-not wavy)",G1.2 one,G2.2 one,G3.1 no ridge outgrowths,H1.3 Diverges from anterior,I1.2 Only one Ridge,I2.1 Straight,I3.1 Parallel,J1.0 None/only one ridge or too broken to code,J2.0 None or too broken to code,K1.1 Ridges present but no central shape observed,K2.0 No central shape or too broken to code,L1.2 Ridge length=lateral length,L2.3 Clearly Defined,L3.1 Only one ridge,L4.2 Ridge profiles or troughs are triangular,M1.1 None,M2.0 No depression or too broken to code,M3.0 No depression or too broken to code,M4.0 none or too broken to code,N1.2 No secondary ridge features,O1.0 Base not preserved/too broken to code,O2.0 Base not preserved/too broken to code,O3.0 Base not preserved/too broken to code,O4.0 Base not preserved/too broken to code,O5.0 Base not preserved/too broken to code,O6.0 No root opening or base not preserved/too broken to code,O7.0 Base not preserved/too broken to code,O8.0 Base not preserved/too broken to code,O9.0 Base not preserved/too broken to code,O10.0 Base not preserved/too broken to code,No show of base ,,2,9,0,2,1,1,2,1,1,2,1,0,0,0,2,2,2,1,3,2,1,1,0,0,1,0,2,3,1,2,1,0,0,0,2,0,0,0,0,0,0,0,0,0,0
,MCZ_S_664_Dalatias_Licha_skinpatch_F.tif,MCZS664,Dalatias,Licha,skinpatch,F,,,Z1.2.Denticle,A1.9 Triangular or Arrow-like,A2.0 Not a Spade/too broken to code,B1.2 Rounded,B2.1 Smooth,B3.1 Smooth,C1.2 Rounded,C2.1 Smooth,C3.1 Smooth,D1.2 one,E1.2 one,E2.2 Cusps defined by ridges,E3.2 Central cusp is distinct,E4.3 ½ < x,"F1.2 Linear (can tell directionality-anterior/posterior, ridges only curve in a max. 1 way-not wavy)",G1.3 two,G2.3 two,G3.1 no ridge outgrowths,H1.3 Diverges from anterior,I1.3 Same as other ridges,I2.1 Straight,I3.1 Parallel,J1.1 Straight,J2.2 Triangular widening from anterior,K1.1 Ridges present but no central shape observed,K2.0 No central shape or too broken to code,L1.2 Ridge length=lateral length,L2.3 Clearly Defined,L3.3 Variable ridge height,L4.2 Ridge profiles or troughs are triangular,M1.1 None,M2.0 No depression or too broken to code,M3.0 No depression or too broken to code,M4.0 none or too broken to code,N1.2 No secondary ridge features,O1.0 Base not preserved/too broken to code,O2.0 Base not preserved/too broken to code,O3.0 Base not preserved/too broken to code,O4.0 Base not preserved/too broken to code,O5.0 Base not preserved/too broken to code,O6.0 No root opening or base not preserved/too broken to code,O7.0 Base not preserved/too broken to code,O8.0 Base not preserved/too broken to code,O9.0 Base not preserved/too broken to code,O10.0 Base not preserved/too broken to code,No show of base ,,2,9,0,2,1,1,2,1,1,2,2,2,2,3,2,3,3,1,3,3,1,1,1,2,1,0,2,3,3,2,1,0,0,0,2,0,0,0,0,0,0,0,0,0,0
,MCZ_S_664_Dalatias_Licha_skinpatch_G.tif,MCZS664,Dalatias,Licha,skinpatch,G,,,Z1.2.Denticle,A1.9 Triangular or Arrow-like,A2.0 Not a Spade/too broken to code,B1.2 Rounded,B2.1 Smooth,B3.1 Smooth,C1.2 Rounded,C2.1 Smooth,C3.1 Smooth,D1.2 one,E1.2 one,E2.2 Cusps defined by ridges,E3.2 Central cusp is distinct,E4.3 ½ < x,"F1.2 Linear (can tell directionality-anterior/posterior, ridges only curve in a max. 1 way-not wavy)",G1.4 three,G2.4 three,G3.1 no ridge outgrowths,H1.3 Diverges from anterior,I1.3 Same as other ridges,I2.1 Straight,I3.3 Triangular thinning from anterior,J1.1 Straight,J2.2 Triangular widening from anterior,K1.1 Ridges present but no central shape observed,K2.0 No central shape or too broken to code,"L1.5 Includes ridges described by a combination of 1,2, 3,",L2.3 Clearly Defined,L3.2 equal ridge heights,L4.2 Ridge profiles or troughs are triangular,M1.1 None,M2.0 No depression or too broken to code,M3.0 No depression or too broken to code,M4.0 none or too broken to code,N1.2 No secondary ridge features,O1.0 Base not preserved/too broken to code,O2.0 Base not preserved/too broken to code,O3.0 Base not preserved/too broken to code,O4.0 Base not preserved/too broken to code,O5.0 Base not preserved/too broken to code,O6.0 No root opening or base not preserved/too broken to code,O7.0 Base not preserved/too broken to code,O8.0 Base not preserved/too broken to code,O9.0 Base not preserved/too broken to code,O10.0 Base not preserved/too broken to code,No show of base ,,2,9,0,2,1,1,2,1,1,2,2,2,2,3,2,4,4,1,3,3,1,3,1,2,1,0,5,3,2,2,1,0,0,0,2,0,0,0,0,0,0,0,0,0,0
,MCZ_S_664_Dalatias_Licha_skinpatch_H.tif,MCZS664,Dalatias,Licha,skinpatch,H,,,Z1.2.Denticle,A1.9 Triangular or Arrow-like,A2.0 Not a Spade/too broken to code,B1.2 Rounded,B2.1 Smooth,B3.1 Smooth,C1.2 Rounded,C2.1 Smooth,C3.1 Smooth,D1.2 one,E1.2 one,E2.2 Cusps defined by ridges,E3.2 Central cusp is distinct,E4.3 ½ < x,"F1.2 Linear (can tell directionality-anterior/posterior, ridges only curve in a max. 1 way-not wavy)",G1.4 three,G2.4 three,G3.1 no ridge outgrowths,H1.3 Diverges from anterior,I1.3 Same as other ridges,I2.1 Straight,I3.1 Parallel,J1.1 Straight,J2.2 Triangular widening from anterior,K1.1 Ridges present but no central shape observed,K2.0 No central shape or too broken to code,L1.2 Ridge length=lateral length,L2.3 Clearly Defined,L3.2 equal ridge heights,L4.2 Ridge profiles or troughs are triangular,M1.1 None,M2.0 No depression or too broken to code,M3.0 No depression or too broken to code,M4.0 none or too broken to code,N1.2 No secondary ridge features,O1.0 Base not preserved/too broken to code,O2.0 Base not preserved/too broken to code,O3.0 Base not preserved/too broken to code,O4.0 Base not preserved/too broken to code,O5.0 Base not preserved/too broken to code,O6.0 No root opening or base not preserved/too broken to code,O7.0 Base not preserved/too broken to code,O8.0 Base not preserved/too broken to code,O9.0 Base not preserved/too broken to code,O10.0 Base not preserved/too broken to code,No show of base ,,2,9,0,2,1,1,2,1,1,2,2,2,2,3,2,4,4,1,3,3,1,1,1,2,1,0,2,3,2,2,1,0,0,0,2,0,0,0,0,0,0,0,0,0,0
,MCZ_S_664_Dalatias_Licha_skinpatch_I.tif,MCZS664,Dalatias,Licha,skinpatch,I,,,Z1.2.Denticle,A1.9 Triangular or Arrow-like,A2.0 Not a Spade/too broken to code,B1.2 Rounded,B2.1 Smooth,B3.1 Smooth,C1.2 Rounded,C2.1 Smooth,C3.1 Smooth,D1.2 one,E1.2 one,E2.2 Cusps defined by ridges,E3.2 Central cusp is distinct,E4.2 ¼ <x<½,"F1.2 Linear (can tell directionality-anterior/posterior, ridges only curve in a max. 1 way-not wavy)",G1.4 three,G2.4 three,G3.1 no ridge outgrowths,H1.3 Diverges from anterior,I1.3 Same as other ridges,I2.1 Straight,I3.1 Parallel,J1.1 Straight,J2.1 Parallel,K1.1 Ridges present but no central shape observed,K2.0 No central shape or too broken to code,L1.2 Ridge length=lateral length,L2.3 Clearly Defined,L3.2 equal ridge heights,L4.2 Ridge profiles or troughs are triangular,M1.1 None,M2.0 No depression or too broken to code,M3.0 No depression or too broken to code,M4.0 none or too broken to code,N1.2 No secondary ridge features,O1.0 Base not preserved/too broken to code,O2.0 Base not preserved/too broken to code,O3.0 Base not preserved/too broken to code,O4.0 Base not preserved/too broken to code,O5.0 Base not preserved/too broken to code,O6.0 No root opening or base not preserved/too broken to code,O7.0 Base not preserved/too broken to code,O8.0 Base not preserved/too broken to code,O9.0 Base not preserved/too broken to code,O10.0 Base not preserved/too broken to code,No show of base ,,2,9,0,2,1,1,2,1,1,2,2,2,2,2,2,4,4,1,3,3,1,1,1,1,1,0,2,3,2,2,1,0,0,0,2,0,0,0,0,0,0,0,0,0,0
,MCZ_S_664_Dalatias_Licha_skinpatch_J.tif,MCZS664,Dalatias,Licha,skinpatch,J,,,Z1.2.Denticle,A1.9 Triangular or Arrow-like,A2.0 Not a Spade/too broken to code,B1.2 Rounded,B2.1 Smooth,B3.1 Smooth,C1.2 Rounded,C2.1 Smooth,C3.1 Smooth,D1.2 one,E1.2 one,E2.2 Cusps defined by ridges,E3.2 Central cusp is distinct,E4.3 ½ < x,"F1.2 Linear (can tell directionality-anterior/posterior, ridges only curve in a max. 1 way-not wavy)",G1.4 three,G2.4 three,G3.1 no ridge outgrowths,H1.3 Diverges from anterior,I1.3 Same as other ridges,I2.1 Straight,I3.1 Parallel,J1.1 Straight,J2.1 Parallel,K1.1 Ridges present but no central shape observed,K2.0 No central shape or too broken to code,L1.2 Ridge length=lateral length,L2.3 Clearly Defined,L3.2 equal ridge heights,L4.2 Ridge profiles or troughs are triangular,M1.1 None,M2.0 No depression or too broken to code,M3.0 No depression or too broken to code,M4.0 none or too broken to code,N1.2 No secondary ridge features,O1.0 Base not preserved/too broken to code,O2.0 Base not preserved/too broken to code,O3.0 Base not preserved/too broken to code,O4.0 Base not preserved/too broken to code,O5.0 Base not preserved/too broken to code,O6.0 No root opening or base not preserved/too broken to code,O7.0 Base not preserved/too broken to code,O8.0 Base not preserved/too broken to code,O9.0 Base not preserved/too broken to code,O10.0 Base not preserved/too broken to code,No show of base ,,2,9,0,2,1,1,2,1,1,2,2,2,2,3,2,4,4,1,3,3,1,1,1,1,1,0,2,3,2,2,1,0,0,0,2,0,0,0,0,0,0,0,0,0,0
,MCZ_S_664_Dalatias_Licha_skinpatch_K.tif,MCZS664,Dalatias,Licha,skinpatch,K,,,Z1.2.Denticle,A1.9 Triangular or Arrow-like,A2.0 Not a Spade/too broken to code,B1.2 Rounded,B2.1 Smooth,B3.1 Smooth,C1.2 Rounded,C2.1 Smooth,C3.1 Smooth,D1.2 one,E1.2 one,E2.2 Cusps defined by ridges,E3.2 Central cusp is distinct,E4.3 ½ < x,"F1.2 Linear (can tell directionality-anterior/posterior, ridges only curve in a max. 1 way-not wavy)",G1.4 three,G2.4 three,G3.1 no ridge outgrowths,H1.3 Diverges from anterior,I1.3 Same as other ridges,I2.1 Straight,I3.1 Parallel,J1.1 Straight,J2.2 Triangular widening from anterior,K1.1 Ridges present but no central shape observed,K2.0 No central shape or too broken to code,L1.2 Ridge length=lateral length,L2.3 Clearly Defined,L3.2 equal ridge heights,L4.2 Ridge profiles or troughs are triangular,M1.1 None,M2.0 No depression or too broken to code,M3.0 No depression or too broken to code,M4.0 none or too broken to code,N1.2 No secondary ridge features,O1.0 Base not preserved/too broken to code,O2.0 Base not preserved/too broken to code,O3.0 Base not preserved/too broken to code,O4.0 Base not preserved/too broken to code,O5.0 Base not preserved/too broken to code,O6.0 No root opening or base not preserved/too broken to code,O7.0 Base not preserved/too broken to code,O8.0 Base not preserved/too broken to code,O9.0 Base not preserved/too broken to code,O10.0 Base not preserved/too broken to code,No show of base ,,2,9,0,2,1,1,2,1,1,2,2,2,2,3,2,4,4,1,3,3,1,1,1,2,1,0,2,3,2,2,1,0,0,0,2,0,0,0,0,0,0,0,0,0,0
,MCZ_S_664_Dalatias_Licha_skinpatch_L.tif,MCZS664,Dalatias,Licha,skinpatch,L,,,Z1.2.Denticle,A1.9 Triangular or Arrow-like,A2.0 Not a Spade/too broken to code,B1.2 Rounded,B2.1 Smooth,B3.1 Smooth,C1.2 Rounded,C2.1 Smooth,C3.1 Smooth,D1.2 one,E1.2 one,E2.2 Cusps defined by ridges,E3.2 Central cusp is distinct,E4.3 ½ < x,"F1.2 Linear (can tell directionality-anterior/posterior, ridges only curve in a max. 1 way-not wavy)",G1.4 three,G2.4 three,G3.1 no ridge outgrowths,H1.3 Diverges from anterior,I1.3 Same as other ridges,I2.1 Straight,I3.1 Parallel,J1.1 Straight,J2.1 Parallel,K1.1 Ridges present but no central shape observed,K2.0 No central shape or too broken to code,L1.2 Ridge length=lateral length,L2.1 Not Clearly Defined,L3.2 equal ridge heights,L4.2 Ridge profiles or troughs are triangular,M1.1 None,M2.0 No depression or too broken to code,M3.0 No depression or too broken to code,M4.0 none or too broken to code,N1.2 No secondary ridge features,O1.0 Base not preserved/too broken to code,O2.0 Base not preserved/too broken to code,O3.0 Base not preserved/too broken to code,O4.0 Base not preserved/too broken to code,O5.0 Base not preserved/too broken to code,O6.0 No root opening or base not preserved/too broken to code,O7.0 Base not preserved/too broken to code,O8.0 Base not preserved/too broken to code,O9.0 Base not preserved/too broken to code,O10.0 Base not preserved/too broken to code,No show of base ,,2,9,0,2,1,1,2,1,1,2,2,2,2,3,2,4,4,1,3,3,1,1,1,1,1,0,2,1,2,2,1,0,0,0,2,0,0,0,0,0,0,0,0,0,0
,MCZ_S_664_Dalatias_Licha_skinpatch_M.tif,MCZS664,Dalatias,Licha,skinpatch,M,,,Z1.2.Denticle,A1.9 Triangular or Arrow-like,A2.0 Not a Spade/too broken to code,B1.2 Rounded,B2.1 Smooth,B3.1 Smooth,C1.2 Rounded,C2.1 Smooth,C3.1 Smooth,D1.2 one,E1.2 one,E2.2 Cusps defined by ridges,E3.2 Central cusp is distinct,E4.3 ½ < x,"F1.2 Linear (can tell directionality-anterior/posterior, ridges only curve in a max. 1 way-not wavy)",G1.4 three,G2.4 three,G3.1 no ridge outgrowths,H1.3 Diverges from anterior,I1.3 Same as other ridges,I2.1 Straight,I3.1 Parallel,J1.1 Straight,J2.1 Parallel,K1.1 Ridges present but no central shape observed,K2.0 No central shape or too broken to code,"L1.5 Includes ridges described by a combination of 1,2, 3,",L2.2 Clearly defined on part of the crown but gets shallower and does not extend to full length of denticle,L3.3 Variable ridge height,L4.2 Ridge profiles or troughs are triangular,M1.1 None,M2.0 No depression or too broken to code,M3.0 No depression or too broken to code,M4.0 none or too broken to code,N1.2 No secondary ridge features,O1.1 Kite shaped,O2.3 Longer than wide,O3.0 Base not preserved/too broken to code,O4.0 Base not preserved/too broken to code,O5.0 Base not preserved/too broken to code,O6.0 No root opening or base not preserved/too broken to code,O7.0 Base not preserved/too broken to code,O8.0 Base not preserved/too broken to code,O9.0 Base not preserved/too broken to code,O10.0 Base not preserved/too broken to code,No show of base ,,2,9,0,2,1,1,2,1,1,2,2,2,2,3,2,4,4,1,3,3,1,1,1,1,1,0,5,2,3,2,1,0,0,0,2,1,3,0,0,0,0,0,0,0,0
,MCZ_S_664_Dalatias_Licha_skinpatch_N.tif,MCZS664,Dalatias,Licha,skinpatch,N,,,Z1.2.Denticle,A1.9 Triangular or Arrow-like,A2.0 Not a Spade/too broken to code,B1.2 Rounded,B2.1 Smooth,B3.1 Smooth,C1.2 Rounded,C2.1 Smooth,C3.1 Smooth,D1.2 one,E1.2 one,E2.2 Cusps defined by ridges,E3.2 Central cusp is distinct,E4.1 x < ¼ ,"F1.2 Linear (can tell directionality-anterior/posterior, ridges only curve in a max. 1 way-not wavy)",G1.4 three,G2.4 three,G3.1 no ridge outgrowths,H1.2 Converges from anterior,I1.3 Same as other ridges,I2.1 Straight,I3.1 Parallel,J1.1 Straight,J2.3 Triangular thinning from anterior,K1.1 Ridges present but no central shape observed,K2.0 No central shape or too broken to code,L1.3 Ridge ends mid crown/ Ridge begins mid crown,L2.2 Clearly defined on part of the crown but gets shallower and does not extend to full length of denticle,L3.2 equal ridge heights,L4.2 Ridge profiles or troughs are triangular,M1.1 None,M2.0 No depression or too broken to code,M3.0 No depression or too broken to code,M4.0 none or too broken to code,N1.2 No secondary ridge features,O1.0 Base not preserved/too broken to code,O2.0 Base not preserved/too broken to code,O3.0 Base not preserved/too broken to code,O4.0 Base not preserved/too broken to code,O5.0 Base not preserved/too broken to code,O6.0 No root opening or base not preserved/too broken to code,O7.0 Base not preserved/too broken to code,O8.0 Base not preserved/too broken to code,O9.0 Base not preserved/too broken to code,O10.0 Base not preserved/too broken to code,No show of base ,,2,9,0,2,1,1,2,1,1,2,2,2,2,1,2,4,4,1,2,3,1,1,1,3,1,0,3,2,2,2,1,0,0,0,2,0,0,0,0,0,0,0,0,0,0
,MCZ_S_664_Dalatias_Licha_skinpatch_O.tif,MCZS664,Dalatias,Licha,skinpatch,O,,,Z1.2.Denticle,A1.9 Triangular or Arrow-like,A2.0 Not a Spade/too broken to code,B1.2 Rounded,B2.1 Smooth,B3.1 Smooth,C1.2 Rounded,C2.1 Smooth,C3.1 Smooth,D1.2 one,E1.2 one,E2.2 Cusps defined by ridges,E3.2 Central cusp is distinct,E4.3 ½ < x,"F1.2 Linear (can tell directionality-anterior/posterior, ridges only curve in a max. 1 way-not wavy)",G1.4 three,G2.4 three,G3.1 no ridge outgrowths,H1.3 Diverges from anterior,I1.3 Same as other ridges,I2.1 Straight,I3.1 Parallel,J1.1 Straight,J2.1 Parallel,K1.1 Ridges present but no central shape observed,K2.0 No central shape or too broken to code,L1.3 Ridge ends mid crown/ Ridge begins mid crown,L2.3 Clearly Defined,L3.2 equal ridge heights,L4.2 Ridge profiles or troughs are triangular,M1.1 None,M2.0 No depression or too broken to code,M3.0 No depression or too broken to code,M4.0 none or too broken to code,N1.2 No secondary ridge features,O1.1 Kite shaped,O2.3 Longer than wide,O3.0 Base not preserved/too broken to code,O4.0 Base not preserved/too broken to code,O5.0 Base not preserved/too broken to code,O6.0 No root opening or base not preserved/too broken to code,O7.0 Base not preserved/too broken to code,O8.0 Base not preserved/too broken to code,O9.0 Base not preserved/too broken to code,O10.0 Base not preserved/too broken to code,No show of base ,,2,9,0,2,1,1,2,1,1,2,2,2,2,3,2,4,4,1,3,3,1,1,1,1,1,0,3,3,2,2,1,0,0,0,2,1,3,0,0,0,0,0,0,0,0
,MCZ_S_664_Dalatias_Licha_skinpatch_P.tif,MCZS664,Dalatias,Licha,skinpatch,P,,,Z1.2.Denticle,A1.9 Triangular or Arrow-like,A2.0 Not a Spade/too broken to code,B1.2 Rounded,B2.1 Smooth,B3.1 Smooth,C1.2 Rounded,C2.1 Smooth,C3.1 Smooth,D1.2 one,E1.2 one,E2.2 Cusps defined by ridges,E3.2 Central cusp is distinct,E4.3 ½ < x,"F1.2 Linear (can tell directionality-anterior/posterior, ridges only curve in a max. 1 way-not wavy)",G1.4 three,G2.4 three,G3.1 no ridge outgrowths,H1.3 Diverges from anterior,I1.3 Same as other ridges,I2.1 Straight,I3.1 Parallel,J1.1 Straight,J2.1 Parallel,K1.1 Ridges present but no central shape observed,K2.0 No central shape or too broken to code,L1.2 Ridge length=lateral length,L2.3 Clearly Defined,L3.2 equal ridge heights,L4.2 Ridge profiles or troughs are triangular,M1.1 None,M2.0 No depression or too broken to code,M3.0 No depression or too broken to code,M4.0 none or too broken to code,N1.2 No secondary ridge features,O1.1 Kite shaped,O2.2 Wider than long,O3.0 Base not preserved/too broken to code,O4.0 Base not preserved/too broken to code,O5.0 Base not preserved/too broken to code,O6.0 No root opening or base not preserved/too broken to code,O7.0 Base not preserved/too broken to code,O8.0 Base not preserved/too broken to code,O9.0 Base not preserved/too broken to code,O10.0 Base not preserved/too broken to code,No show of base ,,2,9,0,2,1,1,2,1,1,2,2,2,2,3,2,4,4,1,3,3,1,1,1,1,1,0,2,3,2,2,1,0,0,0,2,1,2,0,0,0,0,0,0,0,0
,MCZ_S_664_Dalatias_Licha_skinpatch_Q.tif,MCZS664,Dalatias,Licha,skinpatch,Q,,,Z1.2.Denticle,A1.9 Triangular or Arrow-like,A2.0 Not a Spade/too broken to code,B1.2 Rounded,B2.1 Smooth,B3.1 Smooth,C1.2 Rounded,C2.1 Smooth,C3.1 Smooth,D1.2 one,E1.2 one,E2.2 Cusps defined by ridges,E3.2 Central cusp is distinct,E4.3 ½ < x,"F1.2 Linear (can tell directionality-anterior/posterior, ridges only curve in a max. 1 way-not wavy)",G1.4 three,G2.4 three,G3.1 no ridge outgrowths,H1.3 Diverges from anterior,I1.3 Same as other ridges,I2.1 Straight,I3.1 Parallel,J1.1 Straight,J2.1 Parallel,K1.1 Ridges present but no central shape observed,K2.0 No central shape or too broken to code,L1.2 Ridge length=lateral length,L2.2 Clearly defined on part of the crown but gets shallower and does not extend to full length of denticle,L3.2 equal ridge heights,L4.2 Ridge profiles or troughs are triangular,M1.1 None,M2.0 No depression or too broken to code,M3.0 No depression or too broken to code,M4.0 none or too broken to code,N1.2 No secondary ridge features,O1.1 Kite shaped,O2.2 Wider than long,O3.0 Base not preserved/too broken to code,O4.0 Base not preserved/too broken to code,O5.0 Base not preserved/too broken to code,O6.0 No root opening or base not preserved/too broken to code,O7.0 Base not preserved/too broken to code,O8.0 Base not preserved/too broken to code,O9.0 Base not preserved/too broken to code,O10.0 Base not preserved/too broken to code,No show of base ,,2,9,0,2,1,1,2,1,1,2,2,2,2,3,2,4,4,1,3,3,1,1,1,1,1,0,2,2,2,2,1,0,0,0,2,1,2,0,0,0,0,0,0,0,0
,MCZ_S_664_Dalatias_Licha_skinpatch_R.tif,MCZS664,Dalatias,Licha,skinpatch,R,,,Z1.2.Denticle,A1.9 Triangular or Arrow-like,A2.0 Not a Spade/too broken to code,B1.2 Rounded,B2.1 Smooth,B3.1 Smooth,C1.2 Rounded,C2.1 Smooth,C3.1 Smooth,D1.2 one,E1.2 one,E2.2 Cusps defined by ridges,E3.2 Central cusp is distinct,E4.3 ½ < x,"F1.2 Linear (can tell directionality-anterior/posterior, ridges only curve in a max. 1 way-not wavy)",G1.4 three,G2.4 three,G3.1 no ridge outgrowths,H1.3 Diverges from anterior,I1.3 Same as other ridges,I2.1 Straight,I3.1 Parallel,J1.1 Straight,J2.1 Parallel,K1.1 Ridges present but no central shape observed,K2.0 No central shape or too broken to code,L1.2 Ridge length=lateral length,L2.3 Clearly Defined,L3.2 equal ridge heights,L4.2 Ridge profiles or troughs are triangular,M1.1 None,M2.0 No depression or too broken to code,M3.0 No depression or too broken to code,M4.0 none or too broken to code,N1.2 No secondary ridge features,O1.1 Kite shaped,O2.2 Wider than long,O3.0 Base not preserved/too broken to code,O4.0 Base not preserved/too broken to code,O5.0 Base not preserved/too broken to code,O6.0 No root opening or base not preserved/too broken to code,O7.0 Base not preserved/too broken to code,O8.0 Base not preserved/too broken to code,O9.0 Base not preserved/too broken to code,O10.0 Base not preserved/too broken to code,No show of base ,,2,9,0,2,1,1,2,1,1,2,2,2,2,3,2,4,4,1,3,3,1,1,1,1,1,0,2,3,2,2,1,0,0,0,2,1,2,0,0,0,0,0,0,0,0
,MCZ_S_664_Dalatias_Licha_skinpatch_S.tif,MCZS664,Dalatias,Licha,skinpatch,S,,,Z1.2.Denticle,A1.9 Triangular or Arrow-like,A2.1 Rounded Spade,B1.2 Rounded,B2.1 Smooth,B3.1 Smooth,C1.2 Rounded,C2.1 Smooth,C3.1 Smooth,D1.2 one,E1.2 one,E2.2 Cusps defined by ridges,E3.2 Central cusp is distinct,E4.2 ¼ <x<½,"F1.2 Linear (can tell directionality-anterior/posterior, ridges only curve in a max. 1 way-not wavy)",G1.4 three,G2.4 three,G3.1 no ridge outgrowths,H1.3 Diverges from anterior,I1.3 Same as other ridges,I2.1 Straight,I3.1 Parallel,J1.1 Straight,J2.1 Parallel,K1.1 Ridges present but no central shape observed,K2.0 No central shape or too broken to code,L1.2 Ridge length=lateral length,L2.1 Not Clearly Defined,L3.2 equal ridge heights,L4.2 Ridge profiles or troughs are triangular,M1.1 None,M2.0 No depression or too broken to code,M3.0 No depression or too broken to code,M4.0 none or too broken to code,N1.2 No secondary ridge features,O1.1 Kite shaped,O2.2 Wider than long,O3.0 Base not preserved/too broken to code,O4.0 Base not preserved/too broken to code,O5.0 Base not preserved/too broken to code,O6.0 No root opening or base not preserved/too broken to code,O7.0 Base not preserved/too broken to code,O8.0 Base not preserved/too broken to code,O9.0 Base not preserved/too broken to code,O10.0 Base not preserved/too broken to code,No show of base ,,2,9,1,2,1,1,2,1,1,2,2,2,2,2,2,4,4,1,3,3,1,1,1,1,1,0,2,1,2,2,1,0,0,0,2,1,2,0,0,0,0,0,0,0,0
,MCZ_S_664_Dalatias_Licha_skinpatch_T.tif,MCZS664,Dalatias,Licha,skinpatch,T,,,Z1.2.Denticle,A1.9 Triangular or Arrow-like,A2.0 Not a Spade/too broken to code,B1.2 Rounded,B2.1 Smooth,B3.1 Smooth,C1.2 Rounded,C2.1 Smooth,C3.1 Smooth,D1.2 one,E1.2 one,E2.2 Cusps defined by ridges,E3.2 Central cusp is distinct,E4.3 ½ < x,"F1.2 Linear (can tell directionality-anterior/posterior, ridges only curve in a max. 1 way-not wavy)",G1.4 three,G2.4 three,G3.1 no ridge outgrowths,H1.3 Diverges from anterior,I1.3 Same as other ridges,I2.1 Straight,I3.1 Parallel,J1.1 Straight,J2.1 Parallel,K1.1 Ridges present but no central shape observed,K2.0 No central shape or too broken to code,L1.2 Ridge length=lateral length,L2.1 Not Clearly Defined,L3.2 equal ridge heights,L4.2 Ridge profiles or troughs are triangular,M1.1 None,M2.0 No depression or too broken to code,M3.0 No depression or too broken to code,M4.0 none or too broken to code,N1.2 No secondary ridge features,O1.1 Kite shaped,O2.2 Wider than long,O3.0 Base not preserved/too broken to code,O4.0 Base not preserved/too broken to code,O5.0 Base not preserved/too broken to code,O6.0 No root opening or base not preserved/too broken to code,O7.0 Base not preserved/too broken to code,O8.0 Base not preserved/too broken to code,O9.0 Base not preserved/too broken to code,O10.0 Base not preserved/too broken to code,No show of base ,,2,9,0,2,1,1,2,1,1,2,2,2,2,3,2,4,4,1,3,3,1,1,1,1,1,0,2,1,2,2,1,0,0,0,2,1,2,0,0,0,0,0,0,0,0
,MCZ_S_664_Dalatias_Licha_skinpatch_U.tif,MCZS664,Dalatias,Licha,skinpatch,U,,,Z1.2.Denticle,A1.1 Spine,A2.5 Lobed Spade,B1.2 Rounded,B2.1 Smooth,B3.1 Smooth,C1.2 Rounded,C2.1 Smooth,C3.1 Smooth,D1.2 one,E1.1 None,E2.0 No cusps or too broken to code,E3.0 No cusps/one cusp or too broken to code,E4.0 No cusps or too broken to code,"F1.2 Linear (can tell directionality-anterior/posterior, ridges only curve in a max. 1 way-not wavy)",G1.4 three,G2.4 three,G3.2 one ridge outgrowth,H1.3 Diverges from anterior,I1.4 Distinct shape/size from other ridges,I2.1 Straight,I3.1 Parallel,J1.1 Straight,J2.1 Parallel,K1.1 Ridges present but no central shape observed,K2.0 No central shape or too broken to code,L1.3 Ridge ends mid crown/ Ridge begins mid crown,L2.1 Not Clearly Defined,L3.2 equal ridge heights,L4.2 Ridge profiles or troughs are triangular,M1.1 None,M2.0 No depression or too broken to code,M3.0 No depression or too broken to code,M4.0 none or too broken to code,N1.2 No secondary ridge features,O1.1 Kite shaped,O2.2 Wider than long,O3.0 Base not preserved/too broken to code,O4.0 Base not preserved/too broken to code,O5.0 Base not preserved/too broken to code,O6.0 No root opening or base not preserved/too broken to code,O7.0 Base not preserved/too broken to code,O8.0 Base not preserved/too broken to code,O9.0 Base not preserved/too broken to code,O10.0 Base not preserved/too broken to code,No show of base ,,2,1,5,2,1,1,2,1,1,2,1,0,0,0,2,4,4,2,3,4,1,1,1,1,1,0,3,1,2,2,1,0,0,0,2,1,2,0,0,0,0,0,0,0,0
,MCZ_S_664_Dalatias_Licha_skinpatch_V.tif,MCZS664,Dalatias,Licha,skinpatch,V,,,Z1.2.Denticle,A1.9 Triangular or Arrow-like,A2.0 Not a Spade/too broken to code,B1.2 Rounded,B2.1 Smooth,B3.1 Smooth,C1.2 Rounded,C2.1 Smooth,C3.1 Smooth,D1.2 one,E1.2 one,E2.2 Cusps defined by ridges,E3.2 Central cusp is distinct,E4.2 ¼ <x<½,"F1.2 Linear (can tell directionality-anterior/posterior, ridges only curve in a max. 1 way-not wavy)",G1.4 three,G2.4 three,G3.1 no ridge outgrowths,H1.3 Diverges from anterior,I1.3 Same as other ridges,I2.1 Straight,I3.1 Parallel,J1.1 Straight,J2.1 Parallel,K1.1 Ridges present but no central shape observed,K2.0 No central shape or too broken to code,L1.3 Ridge ends mid crown/ Ridge begins mid crown,L2.1 Not Clearly Defined,L3.2 equal ridge heights,L4.2 Ridge profiles or troughs are triangular,M1.1 None,M2.0 No depression or too broken to code,M3.0 No depression or too broken to code,M4.0 none or too broken to code,N1.2 No secondary ridge features,O1.1 Kite shaped,O2.2 Wider than long,O3.0 Base not preserved/too broken to code,O4.0 Base not preserved/too broken to code,O5.0 Base not preserved/too broken to code,O6.0 No root opening or base not preserved/too broken to code,O7.0 Base not preserved/too broken to code,O8.0 Base not preserved/too broken to code,O9.0 Base not preserved/too broken to code,O10.0 Base not preserved/too broken to code,No show of base ,,2,9,0,2,1,1,2,1,1,2,2,2,2,2,2,4,4,1,3,3,1,1,1,1,1,0,3,1,2,2,1,0,0,0,2,1,2,0,0,0,0,0,0,0,0
,MCZ_S_664_Dalatias_Licha_skinpatch_Y.tif,MCZS664,Dalatias,Licha,skinpatch,Y,,,Z1.2.Denticle,A1.9 Triangular or Arrow-like,A2.0 Not a Spade/too broken to code,B1.2 Rounded,B2.1 Smooth,B3.1 Smooth,C1.2 Rounded,C2.1 Smooth,C3.1 Smooth,D1.2 one,E1.2 one,E2.2 Cusps defined by ridges,E3.2 Central cusp is distinct,E4.3 ½ < x,"F1.2 Linear (can tell directionality-anterior/posterior, ridges only curve in a max. 1 way-not wavy)",G1.4 three,G2.4 three,G3.1 no ridge outgrowths,H1.3 Diverges from anterior,I1.3 Same as other ridges,I2.1 Straight,I3.1 Parallel,J1.1 Straight,J2.1 Parallel,K1.1 Ridges present but no central shape observed,K2.0 No central shape or too broken to code,L1.3 Ridge ends mid crown/ Ridge begins mid crown,L2.1 Not Clearly Defined,L3.2 equal ridge heights,L4.2 Ridge profiles or troughs are triangular,M1.1 None,M2.0 No depression or too broken to code,M3.0 No depression or too broken to code,M4.0 none or too broken to code,N1.2 No secondary ridge features,O1.1 Kite shaped,O2.2 Wider than long,O3.0 Base not preserved/too broken to code,O4.0 Base not preserved/too broken to code,O5.0 Base not preserved/too broken to code,O6.0 No root opening or base not preserved/too broken to code,O7.0 Base not preserved/too broken to code,O8.0 Base not preserved/too broken to code,O9.0 Base not preserved/too broken to code,O10.0 Base not preserved/too broken to code,No show of base ,,2,9,0,2,1,1,2,1,1,2,2,2,2,3,2,4,4,1,3,3,1,1,1,1,1,0,3,1,2,2,1,0,0,0,2,1,2,0,0,0,0,0,0,0,0
,MCZ_S_664_Dalatias_Licha_skinpatch_Z.tif,MCZS664,Dalatias,Licha,skinpatch,Z,,,Z1.2.Denticle,A1.9 Triangular or Arrow-like,A2.0 Not a Spade/too broken to code,B1.2 Rounded,B2.1 Smooth,B3.1 Smooth,C1.2 Rounded,C2.1 Smooth,C3.1 Smooth,D1.2 one,E1.2 one,E2.2 Cusps defined by ridges,E3.2 Central cusp is distinct,E4.3 ½ < x,"F1.2 Linear (can tell directionality-anterior/posterior, ridges only curve in a max. 1 way-not wavy)",G1.4 three,G2.4 three,G3.1 no ridge outgrowths,H1.3 Diverges from anterior,I1.3 Same as other ridges,I2.1 Straight,I3.1 Parallel,J1.1 Straight,J2.1 Parallel,K1.1 Ridges present but no central shape observed,K2.0 No central shape or too broken to code,L1.2 Ridge length=lateral length,L2.3 Clearly Defined,L3.2 equal ridge heights,L4.2 Ridge profiles or troughs are triangular,M1.1 None,M2.0 No depression or too broken to code,M3.0 No depression or too broken to code,M4.0 none or too broken to code,N1.2 No secondary ridge features,O1.1 Kite shaped,O2.2 Wider than long,O3.0 Base not preserved/too broken to code,O4.0 Base not preserved/too broken to code,O5.0 Base not preserved/too broken to code,O6.0 No root opening or base not preserved/too broken to code,O7.0 Base not preserved/too broken to code,O8.0 Base not preserved/too broken to code,O9.0 Base not preserved/too broken to code,O10.0 Base not preserved/too broken to code,No show of base ,,2,9,0,2,1,1,2,1,1,2,2,2,2,3,2,4,4,1,3,3,1,1,1,1,1,0,2,3,2,2,1,0,0,0,2,1,2,0,0,0,0,0,0,0,0
,MCZS664_Dalatias_Licha_skinpatch_A.tif,MCZS664,Dalatias,Licha,mircofossil,A,,,,,,,,,,,,,,,,,,,,,,,,,,,,,,,,,,,,,,,,,,,,,,,,,,,,,,,,,,,,,,,,,,,,,,,,,,,,,,,,,,,,,,,,,,,,,,